Number_ID,Number,Day,Plate_ID,Time,Strain,Base_length,Straight_height,Titled_height,Width,Pillar_length,Pillar_angle,Pillar_height,Tower
1,1,1,6,1,CB4856,0.393,0.820,0.774,0.203,3.313,0.208,3.325,
2,2,1,14,1,CB4856,0.349,1.910,1.889,0.348,2.724,1.774,2.807,
3,3,1,23,1,ED3017,0.427,1.483,1.577,0.360,2.547,6.520,2.723,
4,4,1,28,1,JU775,0.494,1.708,1.664,0.337,2.727,3.292,2.723,
5,5,1,30,1,N2,0.326,1.483,1.462,0.101,2.183,10.814,2.108,
6,6,1,1,1.5,EG4725,0.371,1.011,1.115,0.292,3.122,10.226,3.181,
7,7,1,3,1.5,JT11398,0.461,1.573,1.634,0.371,3.342,8.919,3.422,
8,8,1,4,1.5,MY16,0.438,1.112,1.035,0.225,3.565,4.458,3.554,
9,9,1,6,1.5,CB4856,0.494,1.854,1.869,0.449,3.313,0.208,3.325,
10,10,1,7,1.5,LKC34,0.663,1.753,1.645,0.517,3.523,5.691,3.542,
11,11,1,9,1.5,JU258,0.461,1.528,1.522,0.225,2.374,-5.826,2.337,
12,12,1,10,1.5,EG4725,0.539,1.225,1.278,0.202,1.932,17.418,1.843,
13,13,1,11,1.5,JT11398,0.292,0.955,1.011,0.090,4.065,4.065,2.301,
14,14,1,12,1.5,MY16,0.528,1.910,2.067,0.573,2.868,-1.444,2.892,
15,15,1,13,1.5,JU258,0.461,1.989,2.034,0.247,3.148,-2.632,3.157,
16,16,1,14,1.5,CB4856,0.326,1.685,1.787,0.539,2.724,1.774,2.807,
17,17,1,15,1.5,LKC34,0.416,2.079,2.007,0.427,2.852,-14.682,2.807,
18,18,1,16,1.5,N2,0.371,1.034,1.068,0.202,3.542,0.779,3.530,
19,19,1,17,1.5,N2,0.483,1.146,1.126,0.427,2.617,6.078,2.446,
20,20,1,19,1.5,JU775,0.382,1.416,1.457,0.180,2.386,-0.289,2.442,
21,21,1,20,1.5,MY16,0.506,1.438,1.495,0.618,2.930,-5.664,2.904,
22,22,1,21,1.5,CX11314,0.382,1.697,1.640,0.270,2.576,5.097,2.614,
23,23,1,22,1.5,LKC34,0.427,2.236,2.236,0.573,2.846,-7.787,2.783,
24,24,1,23,1.5,ED3017,0.427,2.045,2.101,0.528,2.547,6.520,2.723,
25,25,1,25,1.5,MY23,0.719,2.180,2.247,0.292,2.838,11.262,2.831,
26,26,1,26,1.5,EG4725,0.337,1.528,1.644,0.404,3.020,-4.118,2.988,
27,27,1,27,1.5,CX11314,0.360,1.315,1.416,0.337,2.686,-0.517,2.747,
28,28,1,28,1.5,JU775,0.404,2.090,2.084,0.494,2.727,3.292,2.723,
29,29,1,29,1.5,JU258,0.427,1.764,1.731,0.315,2.984,-6.723,3.157,
30,30,1,30,1.5,N2,0.528,1.787,1.786,0.124,2.183,10.814,2.108,
31,31,1,33,1.5,JT11398,0.472,1.506,1.541,0.404,3.185,-11.565,3.169,
32,32,1,34,1.5,MY23,0.382,1.517,1.377,0.236,2.325,0.297,2.313,
33,33,1,35,1.5,DL238,0.438,1.506,1.587,0.315,2.748,1.759,2.807,
34,34,1,1,2,EG4725,0.382,1.663,1.758,0.573,3.122,10.226,3.181,
35,35,1,2,2,CX11314,0.315,0.708,0.752,0.112,2.972,-6.751,2.964,
36,36,1,3,2,JT11398,0.303,3.146,3.209,0.348,3.342,8.919,3.422,
37,37,1,4,2,MY16,0.438,1.506,1.626,0.438,3.565,4.458,3.554,
38,38,1,6,2,CB4856,0.416,1.888,2.005,0.472,3.313,0.208,3.325,
39,39,1,7,2,LKC34,0.652,2.112,2.073,0.697,3.523,5.691,3.542,
40,40,1,8,2,ED3017,0.202,1.315,1.237,0.236,2.776,3.483,2.747,
41,41,1,9,2,JU258,0.472,1.530,1.588,0.326,2.374,-5.826,2.337,
42,42,1,10,2,EG4725,0.225,1.146,1.169,0.202,1.932,17.418,1.843,
43,43,1,11,2,JT11398,0.225,1.326,1.323,0.281,4.065,4.065,2.301,
44,44,1,12,2,MY16,0.438,2.202,2.091,0.753,2.868,-1.444,2.892,
45,45,1,13,2,JU258,0.472,1.933,1.933,0.270,3.148,-2.632,3.157,
46,46,1,14,2,CB4856,0.337,2.056,1.956,0.551,2.724,1.774,2.807,
47,47,1,15,2,LKC34,0.438,1.899,2.088,0.067,2.852,-14.682,2.807,
48,48,1,16,2,N2,0.270,1.517,1.686,0.449,3.542,0.779,3.530,
49,49,1,17,2,N2,0.393,1.764,1.749,0.596,2.617,6.078,2.446,
50,50,1,19,2,JU775,0.360,0.708,0.847,0.101,2.386,-0.289,2.442,
51,51,1,20,2,MY16,0.416,1.742,1.666,0.449,2.930,-5.664,2.904,
52,52,1,21,2,CX11314,0.360,1.371,1.530,0.371,2.576,5.097,2.614,
53,53,1,22,2,LKC34,0.270,2.517,2.488,0.730,2.846,-7.787,2.783,
54,54,1,23,2,ED3017,0.382,2.202,2.260,0.483,2.547,6.520,2.723,
55,55,1,25,2,MY23,0.697,1.472,1.535,0.281,2.838,11.262,2.831,
56,56,1,26,2,EG4725,0.483,2.045,2.200,0.483,3.020,-4.118,2.988,
57,57,1,27,2,CX11314,0.326,1.438,1.469,0.292,2.686,-0.517,2.747,
58,58,1,28,2,JU775,0.292,1.753,1.688,0.348,2.727,3.292,2.723,
59,59,1,29,2,JU258,0.303,1.472,1.466,0.315,2.984,-6.723,3.157,
60,60,1,30,2,N2,0.438,1.539,1.480,0.281,2.183,10.814,2.108,
61,61,1,33,2,JT11398,0.348,2.079,2.109,0.393,3.185,-11.565,3.169,
62,62,1,34,2,MY23,0.371,2.191,2.207,0.539,2.325,0.297,2.313,
63,63,1,35,2,DL238,0.303,0.789,0.823,0.157,2.748,1.759,2.807,
64,64,1,1,3,EG4725,0.416,1.843,1.728,0.382,3.122,10.226,3.181,
65,65,1,2,3,CX11314,0.258,1.011,0.969,0.281,2.972,-6.751,2.964,
66,66,1,3,3,JT11398,0.371,1.045,1.070,0.146,3.342,8.919,3.422,
67,67,1,6,3,CB4856,0.461,2.781,2.749,0.551,3.313,0.208,3.325,
68,68,1,7,3,LKC34,0.663,2.371,2.298,0.494,3.523,5.691,3.542,
69,69,1,8,3,ED3017,0.326,1.933,1.981,0.337,2.776,3.483,2.747,
70,70,1,9,3,JU258,0.461,1.483,1.504,0.281,2.374,-5.826,2.337,
71,71,1,10,3,EG4725,0.472,1.371,1.400,0.225,1.932,17.418,1.843,
72,72,1,11,3,JT11398,0.461,1.607,1.539,0.292,4.065,4.065,2.301,
73,73,1,12,3,MY16,0.449,1.966,2.049,0.517,2.868,-1.444,2.892,
74,74,1,13,3,JU258,0.528,2.202,2.183,0.416,3.148,-2.632,3.157,
75,75,1,14,3,CB4856,0.337,1.618,1.625,0.236,2.724,1.774,2.807,
76,76,1,15,3,LKC34,0.393,2.213,2.278,0.596,2.852,-14.682,2.807,
77,77,1,16,3,N2,0.404,1.843,1.844,0.494,3.542,0.779,3.530,
78,78,1,17,3,N2,0.348,2.067,2.047,0.551,2.617,6.078,2.446,
79,79,1,19,3,JU775,0.135,0.472,0.438,0.112,2.386,-0.289,2.442,
80,80,1,20,3,MY16,0.506,2.326,2.387,0.551,2.930,-5.664,2.904,
81,81,1,21,3,CX11314,0.360,1.157,1.045,0.191,2.576,5.097,2.614,
82,82,1,22,3,LKC34,0.393,3.034,2.987,0.573,2.846,-7.787,2.783,
83,83,1,23,3,ED3017,0.326,2.539,2.560,0.146,2.547,6.520,2.723,
84,84,1,25,3,MY23,0.438,1.281,1.208,0.202,2.838,11.262,2.831,
85,85,1,26,3,EG4725,0.292,1.236,1.427,0.483,3.020,-4.118,2.988,
86,86,1,27,3,CX11314,0.202,1.180,1.202,0.247,2.686,-0.517,2.747,
87,87,1,28,3,JU775,0.169,1.236,1.124,0.225,2.727,3.292,2.723,
88,88,1,29,3,JU258,0.551,1.742,1.755,0.360,2.984,-6.723,3.157,
89,89,1,30,3,N2,0.337,1.764,1.773,0.596,2.183,10.814,2.108,
90,90,1,33,3,JT11398,0.461,1.899,2.008,0.438,3.185,-11.565,3.169,
91,91,1,34,3,MY23,0.360,2.090,2.000,0.258,2.325,0.297,2.313,
92,92,1,35,3,DL238,0.270,1.618,1.574,0.382,2.748,1.759,2.807,
93,93,1,1,4,EG4725,0.360,2.101,2.150,0.528,3.122,10.226,3.181,
94,94,1,2,4,CX11314,0.303,2.921,2.974,0.337,2.972,-6.751,2.964,
95,95,1,3,4,JT11398,0.337,3.079,3.113,0.199,3.342,8.919,3.422,Yes
96,96,1,6,4,CB4856,0.607,3.618,3.606,0.629,3.313,0.208,3.325,
97,97,1,7,4,LKC34,0.584,2.461,2.431,0.551,3.523,5.691,3.542,
98,98,1,8,4,ED3017,0.303,1.921,1.907,0.382,2.776,3.483,2.747,
99,99,1,9,4,JU258,0.404,2.180,2.145,0.427,2.374,-5.826,2.337,Yes
100,100,1,10,4,EG4725,0.315,1.191,1.312,0.315,1.932,17.418,1.843,
101,101,1,11,4,JT11398,0.393,2.124,2.189,0.517,4.065,4.065,2.301,Yes
102,102,1,12,4,MY16,0.292,2.337,2.236,0.730,2.868,-1.444,2.892,
103,103,1,13,4,JU258,0.449,2.315,2.306,0.449,3.148,-2.632,3.157,Yes
104,104,1,14,4,CB4856,0.281,1.820,1.181,0.394,2.724,1.774,2.807,
105,105,1,15,4,LKC34,0.348,2.730,2.801,0.596,2.852,-14.682,2.807,
106,106,1,16,4,N2,0.270,1.876,1.961,0.618,3.542,0.779,3.530,
107,107,1,17,4,N2,0.281,2.056,2.069,0.517,2.617,6.078,2.446,
108,108,1,19,4,JU775,0.169,1.494,1.461,0.225,2.386,-0.289,2.442,Yes
109,109,1,20,4,MY16,0.404,2.730,2.695,0.730,2.930,-5.664,2.904,
110,110,1,21,4,CX11314,0.326,1.573,1.586,0.315,2.576,5.097,2.614,
111,111,1,22,4,LKC34,0.404,2.809,2.946,0.742,2.846,-7.787,2.783,
112,112,1,23,4,ED3017,0.303,2.382,2.364,0.483,2.547,6.520,2.723,
113,113,1,25,4,MY23,0.416,1.180,1.341,0.213,2.838,11.262,2.831,
114,114,1,26,4,EG4725,0.236,2.146,2.274,0.539,3.020,-4.118,2.988,
115,115,1,27,4,CX11314,0.292,1.618,1.585,0.383,2.686,-0.517,2.747,
116,116,1,28,4,JU775,0.214,1.461,1.483,0.292,2.727,3.292,2.723,Yes
117,117,1,29,4,JU258,0.427,3.225,3.183,0.393,2.984,-6.723,3.157,Yes
118,118,1,30,4,N2,0.303,1.764,1.795,0.697,2.183,10.814,2.108,
119,119,1,33,4,JT11398,0.348,2.551,2.471,0.506,3.185,-11.565,3.169,Yes
120,120,1,34,4,MY23,0.393,2.281,2.295,0.348,2.325,0.297,2.313,
121,121,1,35,4,DL238,0.337,2.337,2.340,0.461,2.748,1.759,2.807,
122,1,2,10,1,MY23,0.374,1.066,0.980,0.220,3.641,-3.013,3.516,
123,2,2,33,1,MY16,0.099,0.747,0.628,0.154,2.978,-0.865,2.881,
124,3,2,34,1,MY23,0.275,0.967,0.934,0.242,3.174,0.378,3.294,
125,4,2,50,1,CX11314,0.187,0.626,0.574,0.099,2.272,-6.645,2.254,
126,5,2,54,1,EG4725,0.231,0.604,0.622,0.066,2.913,6.557,2.856,
127,6,2,61,1,MY23,0.385,1.165,1.136,0.132,2.38,4.521,2.344,
128,7,2,1,1.5,CX11314,0.429,0.956,0.983,0.220,2.587,4.307,2.605,
129,8,2,2,1.5,JU775,0.407,0.989,1.059,0.308,2.783,-6.494,2.691,
130,9,2,10,1.5,MY23,0.407,2.286,2.275,0.495,3.641,-3.013,3.516,
131,10,2,22,1.5,MY23,0.396,1.264,1.220,0.231,2.848,0.892,2.794,
132,11,2,24,1.5,JU775,0.275,0.484,0.495,0.088,2.217,-2.224,2.241,
133,12,2,33,1.5,MY16,0.044,0.560,0.562,0.088,2.978,-0.865,2.881,
134,13,2,34,1.5,MY23,0.231,1.505,1.516,0.363,3.174,0.378,3.294,
135,14,2,37,1.5,LKC34,0.286,1.077,1.040,0.253,2.478,10.199,2.64,
136,15,2,48,1.5,EG4725,0.110,0.681,0.670,0.099,2.304,-11.918,2.211,
137,16,2,47,1.5,MY16,0.100,0.714,0.662,0.099,2.413,14.414,2.402,
138,17,2,49,1.5,CB4856,0.143,0.835,0.779,0.231,1.837,-2.505,1.741,
139,18,2,50,1.5,CX11314,0.121,0.505,0.549,0.165,2.272,-6.645,2.254,
140,19,2,61,1.5,MY23,0.165,1.275,1.214,0.198,2.38,4.521,2.344,
141,20,2,64,1.5,JU775,0.341,1.374,1.344,0.275,2.554,-10.437,2.52,
142,21,2,2,2,JU775,0.310,0.879,0.979,0.310,2.783,-6.494,2.691,
143,22,2,3,2,ED3017,0.310,1.345,1.180,0.362,2.707,-3.013,2.688,
144,23,2,4,2,JU258,0.259,0.414,0.427,0.069,2.315,-11.834,2.332,
145,24,2,5,2,JT11398,0.397,0.776,0.795,0.121,1.946,-7.085,1.939,
146,25,2,10,2,MY23,0.345,2.431,2.370,0.466,2.848,0.892,2.794,
147,26,2,22,2,MY23,0.569,1.379,1.365,0.138,2.217,-2.224,2.241,
148,27,2,33,2,MY16,0.190,2.155,2.052,0.224,2.978,-0.865,2.881,
149,28,2,34,2,MY23,0.224,1.828,1.880,0.569,3.174,0.378,3.294,
150,29,2,37,2,LKC34,0.293,1.086,1.074,0.276,2.478,10.199,2.64,
151,30,2,47,2,MY16,0.069,0.310,0.355,0.069,2.413,14.414,2.402,
152,31,2,49,2,CB4856,0.172,0.828,0.793,0.259,1.837,-2.505,1.741,
153,32,2,61,2,MY23,0.259,1.621,1.590,0.483,2.38,4.521,2.344,
154,33,2,64,2,JU775,0.379,1.500,1.488,0.483,2.554,-10.437,2.52,
155,34,2,1,3,CX11314,0.517,1.966,1.921,0.155,2.587,4.307,2.605,
156,35,2,2,3,JU775,0.310,0.931,0.927,0.224,2.783,-6.494,2.691,
157,36,2,3,3,ED3017,0.172,0.448,0.449,0.172,2.707,-3.013,2.688,
158,37,2,4,3,JU258,0.345,1.500,1.493,0.276,2.315,-11.834,2.332,
159,38,2,5,3,JT11398,0.414,2.810,2.841,0.672,1.946,-7.085,1.939,
160,39,2,6,3,CB4856,0.345,1.948,2.168,0.586,2.978,10.735,2.976,
161,40,2,8,3,LKC34,0.362,1.069,1.018,0.086,2.848,-6.748,2.868,
162,41,2,10,3,MY23,0.345,2.310,2.348,0.638,3.641,-3.013,3.516,
163,42,2,11,3,ED3017,0.259,1.276,1.249,0.294,2.467,-1.671,2.61,
164,43,2,20,3,JT11398,0.276,2.224,2.090,0.483,2.696,4.648,2.638,
165,44,2,22,3,MY23,0.448,3.207,3.124,0.569,2.848,0.892,2.794,
166,45,2,23,3,N2,0.379,0.810,0.828,0.190,2.5,-1.284,2.425,
167,46,2,24,3,JU775,0.241,1.483,1.552,0.328,2.217,-2.224,2.241,
168,47,2,33,3,MY16,0.138,1.155,1.121,0.155,2.978,-0.865,2.881,
169,48,2,34,3,MY23,0.172,1.845,1.847,0.586,3.174,0.378,3.294,
170,49,2,37,3,LKC34,0.293,1.921,2.059,0.517,2.478,10.199,2.64,
171,50,2,41,3,CB4856,0.207,1.069,0.862,0.224,2.467,-10.238,2.507,
172,51,2,43,3,ED3017,0.466,2.103,1.992,0.534,2.957,-5.451,2.861,
173,52,2,45,3,JU258,0.362,1.138,1.097,0.241,2.565,-7.065,2.563,
174,53,2,49,3,CB4856,0.259,0.879,0.879,0.086,1.837,-2.505,1.741,
175,54,2,54,3,EG4725,0.241,0.483,0.362,0.224,2.913,6.557,2.856,
176,55,2,61,3,MY23,0.328,1.983,2.080,0.534,2.38,4.521,2.344,
177,56,2,64,3,JU775,0.276,1.672,1.577,0.500,2.554,-10.437,2.52,
178,57,2,1,4,CX11314,0.517,1.690,1.741,0.276,2.587,4.307,2.605,
179,58,2,2,4,JU775,0.293,1.103,1.213,0.138,2.783,-6.494,2.691,Yes
180,59,2,3,4,ED3017,0.259,2.517,2.520,0.293,2.707,-3.013,2.688,
181,60,2,4,4,JU258,0.293,1.793,1.703,0.293,2.315,-11.834,2.332,Yes
182,61,2,5,4,JT11398,0.466,3.276,3.196,0.690,1.946,-7.085,1.939,Yes
183,62,2,6,4,CB4856,0.414,2.517,2.556,0.638,2.978,10.735,2.976,
184,63,2,8,4,LKC34,0.362,1.759,1.893,0.345,2.848,-6.748,2.868,
185,64,2,10,4,MY23,0.414,2.793,2.875,0.655,3.641,-3.013,3.516,
186,65,2,11,4,ED3017,0.293,1.293,1.266,0.345,2.467,-1.671,2.61,
187,66,2,12,4,DL238,0.310,1.000,1.029,1.310,2.696,-15.634,2.743,
188,67,2,20,4,JT11398,0.345,2.483,2.514,0.603,2.696,4.648,2.638,Yes
189,68,2,22,4,MY23,0.397,3.121,3.162,0.931,2.848,0.892,2.794,
190,69,2,24,4,JU775,0.207,1.569,1.470,0.379,2.217,-2.224,2.241,Yes
191,70,2,34,4,MY23,0.241,2.483,2.414,0.776,3.174,0.378,3.294,
192,71,2,37,4,LKC34,0.259,3.379,3.703,0.879,2.478,10.199,2.64,
193,72,2,41,4,CB4856,0.241,0.931,0.859,0.207,2.467,-10.238,2.507,
194,73,2,43,4,ED3017,0.500,2.793,2.658,0.448,2.957,-5.451,2.861,
195,74,2,44,4,MY23,0.414,2.569,2.475,0.414,3.109,-6.803,3.12,
196,75,2,45,4,JU258,0.259,2.707,2.663,0.172,2.565,-7.065,2.563,Yes
197,76,2,48,4,EG4725,0.138,0.741,0.717,0.138,2.304,-11.918,2.211,
198,77,2,53,4,JT11398,0.259,3.534,3.503,0.690,2.522,2.703,2.535,Yes
199,78,2,54,4,EG4725,0.241,0.414,0.411,0.224,2.913,6.557,2.856,
200,79,2,61,4,MY23,0.207,2.052,2.040,0.586,2.38,4.521,2.344,
201,80,2,64,4,JU775,0.328,1.810,1.754,0.483,2.554,-10.437,2.52,Yes
202,1,3,18,1,JU775,0.242,0.815,0.847,0.339,2.113,-3.354,2.205,
203,2,3,15,1.5,CX11314,0.266,1.097,1.186,0.282,3.629,-2.702,3.593,
204,3,3,18,1.5,JU775,0.306,0.661,0.782,0.048,2.113,-3.354,2.205,
205,4,3,21,1.5,CX11314,0.250,0.927,0.916,0.250,2.016,2.281,2.026,
206,5,3,38,1.5,ED3017,0.347,0.742,0.694,0.105,2.516,3.219,2.585,
207,6,3,13,2,JU258,0.282,1.226,1.254,0.242,2.484,8.312,2.51,
208,7,3,15,2,CX11314,0.339,0.782,0.758,0.161,3.629,-2.702,3.593,
209,8,3,18,2,JU775,0.331,1.145,1.222,0.315,2.113,-3.354,2.205,
210,9,3,21,2,CX11314,0.274,1.218,1.248,0.258,2.016,2.281,2.026,
211,10,3,28,2,CB4856,0.153,0.500,0.436,0.105,3.202,2.551,3.261,
212,11,3,38,2,ED3017,0.202,0.710,0.715,0.137,2.516,3.219,2.585,
213,12,3,7,3,JU775,0.524,1.008,1.057,0.105,2.226,7.635,2.246,
214,13,3,10,3,LKC34,0.113,0.871,0.872,0.266,2.653,5.242,2.648,
215,14,3,11,3,JU775,0.210,1.113,1.075,0.395,2.774,6.563,2.752,
216,15,3,13,3,JU258,0.266,2.081,2.136,0.161,2.484,8.312,2.51,
217,16,3,15,3,CX11314,0.323,0.895,0.920,0.242,3.629,-2.702,3.593,
218,17,3,16,3,JT11398,0.347,0.605,0.654,0.081,2.669,4.345,2.661,
219,18,3,18,3,JU775,0.315,0.968,1.024,0.153,2.113,-3.354,2.205,
220,19,3,19,3,MY23,0.194,0.637,0.685,0.218,1.782,9.749,1.857,
221,20,3,21,3,CX11314,0.105,1.113,1.140,0.226,2.016,2.281,2.026,
222,21,3,37,3,N2,0.427,0.806,0.816,0.137,2.427,-7.948,2.508,
223,22,3,38,3,ED3017,0.274,0.863,0.887,0.234,2.516,3.219,2.585,
224,23,3,43,3,ED3017,0.331,0.887,0.905,0.258,2.726,-3.18,2.617,
225,24,3,46,3,ED3017,0.500,1.258,1.217,0.242,2.815,8.242,2.925,
226,25,3,50,3,MY16,0.242,0.597,0.629,0.056,2.573,-9.157,2.736,
227,26,3,1,4,CB4856,0.153,0.629,0.613,0.121,1.766,-4.656,1.788,
228,27,3,7,4,JU775,0.137,0.468,0.613,0.195,2.226,7.635,2.246,No
229,28,3,10,4,LKC34,0.105,1.073,1.172,0.169,2.653,5.242,2.648,
230,29,3,11,4,JU775,0.323,1.202,1.261,0.371,2.774,6.563,2.752,Yes
231,30,3,13,4,JU258,0.258,2.024,2.019,0.218,2.484,8.312,2.51,Yes
232,31,3,18,4,JU775,0.315,0.903,0.928,0.161,2.113,-3.354,2.205,Yes
233,32,3,19,4,MY23,0.282,1.605,1.680,0.379,1.339,5.315,1.393,
234,33,3,21,4,CX11314,0.274,1.153,1.237,0.258,2.016,2.281,2.026,
235,34,3,32,4,N2,0.137,0.790,0.871,0.202,2.806,0.488,2.839,
236,35,3,38,4,ED3017,0.218,0.855,0.810,0.282,2.516,3.219,2.585,
237,36,3,43,4,ED3017,0.282,1.177,1.138,0.202,2.726,-3.18,2.617,
238,37,3,46,4,ED3017,0.282,0.984,1.097,0.419,2.815,8.242,2.925,
239,38,3,47,4,CB4856,0.274,0.879,0.903,0.210,2.621,10.1,2.621,
240,1,4,6,1,MY16,0.234,0.755,0.787,0.149,2.065,6.307,2.055,
241,2,4,30,1,ED3017,0.394,0.713,0.692,0.160,2.731,-6.843,2.707,
242,3,4,31,1,MY16,0.330,0.745,0.755,0.160,2.559,-6.751,2.653,
243,4,4,5,1.5,JU258,0.287,1.074,1.101,0.394,3,-6.387,2.9,
244,5,4,6,1.5,MY16,0.351,0.638,0.734,0.117,2.065,6.307,2.055,
245,6,4,30,1.5,ED3017,0.309,0.617,0.607,0.170,2.731,-6.843,2.707,
246,7,4,31,1.5,MY16,0.277,0.787,0.854,0.202,2.559,-6.751,2.653,
247,8,4,6,2,MY16,0.351,0.894,1.025,0.223,2.065,6.307,2.055,
248,9,4,15,2,EG4725,0.426,0.819,0.884,0.160,2.613,-3.338,2.585,
249,10,4,25,2,JT11398,0.340,0.606,0.660,0.064,2.516,-1.941,2.539,
250,11,4,26,2,N2,0.319,0.638,0.576,0.138,1.86,-5.486,1.912,
251,12,4,27,2,CB4856,0.277,0.734,0.780,0.085,2.591,-3.798,2.597,
252,13,4,30,2,ED3017,0.287,0.638,0.596,0.181,2.731,-6.843,2.707,
253,14,4,31,2,MY16,0.266,0.936,0.889,0.266,2.559,-6.751,2.653,
254,15,4,32,2,EG4725,0.255,0.489,0.557,0.096,2.613,-1.179,2.613,
255,16,4,35,2,MY16,0.340,0.777,0.849,0.181,2.613,7.095,2.525,
256,17,4,36,2,ED3017,0.223,0.468,0.506,0.128,2.226,-11.699,2.174,
257,18,4,2,3,ED3017,0.351,0.894,0.840,0.085,2.871,5.535,2.787,
258,19,4,4,3,MY23,0.202,1.809,1.776,0.170,2.011,4.421,2.092,
259,20,4,6,3,MY16,0.255,0.872,0.894,0.181,2.065,6.307,2.055,
260,21,4,9,3,N2,0.457,0.766,0.733,0.128,2.892,7.638,2.832,
261,22,4,15,3,EG4725,0.426,1.011,0.958,0.160,2.613,-3.338,2.585,
262,23,4,22,3,JU258,0.202,0.553,0.607,0.106,2.839,2.07,2.679,
263,24,4,25,3,JT11398,0.341,1.309,1.288,0.309,2.516,-1.941,2.539,
264,25,4,26,3,N2,0.340,1.340,1.398,0.372,1.86,-5.486,1.912,
265,26,4,27,3,CB4856,0.202,0.606,0.548,0.074,2.591,-3.798,2.597,
266,27,4,28,3,LKC34,0.287,1.032,1.113,0.160,2.548,4.227,2.48,
267,28,4,31,3,MY16,0.277,1.011,1.004,0.287,2.559,-6.751,2.653,
268,29,4,32,3,EG4725,0.277,1.277,1.202,0.245,2.613,-1.179,2.613,
269,30,4,35,3,MY16,0.426,1.851,1.822,0.330,2.613,7.095,2.525,
270,31,4,41,3,CB4856,0.117,0.511,0.501,0.117,2.419,0.781,2.366,
271,32,4,2,4,ED3017,0.223,2.202,2.241,0.524,2.871,5.535,2.787,
272,33,4,4,4,MY23,0.149,1.777,1.820,0.117,2.011,4.421,2.092,
273,34,4,5,4,JU258,0.128,1.734,1.666,0.117,3,-6.387,2.9,No
274,35,4,9,4,N2,0.426,1.809,1.846,0.494,2.892,7.638,2.832,
275,36,4,15,4,EG4725,0.351,1.415,1.415,0.223,2.613,-3.338,2.585,
276,37,4,19,4,N2,0.319,1.043,1.078,0.447,2.495,0.518,2.376,
277,38,4,22,4,JU258,0.160,1.096,1.198,0.479,2.839,2.07,2.679,Yes
278,39,4,24,4,CX11314,0.266,1.202,1.263,0.266,2.774,5.254,2.818,
279,40,4,25,4,JT11398,0.457,1.564,1.596,0.298,2.516,-1.941,2.539,Yes
280,41,4,26,4,N2,0.351,1.532,1.543,0.574,1.86,-5.486,1.912,
281,42,4,27,4,CB4856,0.234,1.234,1.198,0.287,2.591,-3.798,2.597,
282,43,4,28,4,LKC34,0.362,1.660,1.363,0.479,2.548,4.227,2.48,
283,44,4,31,4,MY16,0.255,1.074,1.053,0.181,2.559,-6.751,2.653,
284,45,4,34,4,JU775,0.202,0.777,0.885,0.278,3.011,-2.971,3.112,Yes
285,46,4,35,4,MY16,0.372,2.298,2.338,0.638,2.613,7.095,2.525,
286,47,4,41,4,CB4856,0.160,0.457,0.431,0.117,2.419,0.781,2.366,
287,1,5,24,1,LKC34,0.271,0.500,0.596,0.094,3.309,-4.499,3.255,
288,2,5,25,1,JT11398,0.302,0.521,0.490,0.094,2.702,3.871,2.836,
289,3,5,1,1.5,JU258,0.365,1.698,1.682,0.458,2.957,-1.822,3.012,
290,4,5,2,1.5,DL238,0.250,1.198,1.199,0.510,3.149,-4.229,3.03,
291,5,5,4,1.5,DL238,0.302,0.917,0.886,0.292,2.904,3.55,2.92,
292,6,5,5,1.5,MY23,0.323,1.125,1.130,0.292,3,-1.507,3.168,
293,7,5,8,1.5,JT11398,0.292,1.115,1.094,0.177,2.926,3.9,2.815,
294,8,5,13,1.5,DL238,0.208,1.188,1.182,0.323,2.5,-10.795,2.556,
295,9,5,18,1.5,JU258,0.448,1.958,2.100,0.439,2.404,12.826,2.444,
296,10,5,19,1.5,DL238,0.344,1.510,1.512,0.396,2.883,1.916,2.863,
297,11,5,20,1.5,JT11398,0.250,1.208,1.241,0.417,2.83,12.869,2.914,
298,12,5,21,1.5,MY23,0.271,0.844,0.822,0.198,2.719,-0.434,2.75,
299,13,5,22,1.5,CX11314,0.323,0.792,0.845,0.198,2.574,16.699,2.666,
300,14,5,24,1.5,LKC34,0.302,1.177,1.231,0.385,3.309,-4.499,3.255,
301,15,5,25,1.5,JT11398,0.188,0.333,0.334,0.105,2.702,3.871,2.836,
302,16,5,28,1.5,DL238,0.198,0.583,0.586,0.167,2.574,-4.899,2.616,
303,17,5,30,1.5,JU258,0.073,0.354,0.354,0.073,2.436,-3.453,2.473,
304,18,5,1,2,JU258,0.479,2.490,2.512,0.667,2.957,-1.822,3.012,
305,19,5,2,2,DL238,0.250,1.688,1.651,0.427,3.149,-4.229,3.03,
306,20,5,4,2,DL238,0.302,1.448,1.400,0.354,2.904,3.55,2.92,
307,21,5,5,2,MY23,0.281,1.448,1.407,0.271,3,-1.507,3.168,
308,22,5,8,2,JT11398,0.188,1.302,1.375,0.208,2.926,3.9,2.815,
309,23,5,9,2,JT11398,0.156,0.823,0.834,0.167,2.574,-6.107,2.6,
310,24,5,10,2,LKC34,0.137,0.990,1.025,0.250,2.511,11.827,2.543,
311,25,5,13,2,DL238,0.229,1.896,1.951,0.365,2.5,-10.795,2.556,
312,26,5,15,2,MY23,0.156,1.073,1.175,0.302,2.043,16.892,2.124,
313,27,5,16,2,CX11314,0.323,1.083,1.127,0.292,2.457,13.917,2.477,
314,28,5,18,2,JU258,0.417,2.094,2.145,0.635,2.404,12.826,2.444,
315,29,5,19,2,DL238,0.260,1.375,1.391,0.323,2.883,1.916,2.863,
316,30,5,20,2,JT11398,0.198,1.010,1.016,0.312,2.83,12.869,2.914,
317,31,5,21,2,MY23,0.229,1.427,1.500,0.417,2.719,-0.434,2.75,
318,32,5,22,2,CX11314,0.333,0.990,1.067,0.219,2.574,16.699,2.666,
319,33,5,24,2,LKC34,0.312,1.302,1.274,0.271,3.309,-4.499,3.255,
320,34,5,28,2,DL238,0.125,0.531,0.491,0.094,2.574,-4.899,2.616,
321,35,5,30,2,JU258,0.135,0.708,0.667,0.115,2.436,-3.453,2.473,
322,36,5,1,3,JU258,0.469,2.812,2.839,0.688,2.957,-1.822,3.012,
323,37,5,2,3,DL238,0.229,1.667,1.756,0.406,3.149,-4.229,3.03,
324,38,5,4,3,DL238,0.281,3.646,3.646,0.531,2.904,3.55,2.92,
325,39,5,5,3,MY23,0.271,1.740,1.762,0.385,3,-1.507,3.168,
326,40,5,8,3,JT11398,0.531,1.958,2.045,0.427,2.926,3.9,2.815,
327,41,5,9,3,JT11398,0.354,1.010,0.953,0.271,2.574,-6.107,2.6,
328,42,5,10,3,LKC34,0.167,0.854,0.788,0.334,2.511,11.827,2.543,
329,43,5,13,3,DL238,0.125,0.906,0.909,0.229,2.5,-10.795,2.556,
330,44,5,15,3,MY23,0.188,0.448,0.592,0.229,2.043,16.892,2.124,
331,45,5,16,3,CX11314,0.302,1.521,1.635,0.521,2.457,13.917,2.477,
332,46,5,18,3,JU258,0.292,2.312,2.327,0.708,2.404,12.826,2.444,
333,47,5,19,3,DL238,0.312,2.292,2.200,0.385,2.883,1.916,2.863,
334,48,5,20,3,JT11398,0.250,1.385,1.420,0.354,2.83,12.869,2.914,
335,49,5,21,3,MY23,0.260,1.927,1.971,0.448,2.719,-0.434,2.75,
336,50,5,22,3,CX11314,0.354,0.948,0.905,0.271,2.574,16.699,2.666,
337,51,5,23,3,MY23,0.094,0.510,0.584,0.062,3.053,-11.31,3.092,
338,52,5,24,3,LKC34,0.177,2.177,2.156,0.229,3.309,-4.499,3.255,
339,53,5,25,3,JT11398,0.344,1.074,1.063,0.229,2.702,3.871,2.836,
340,54,5,27,3,LKC34,0.344,1.742,1.685,0.448,2.918,0.198,3.085,
341,55,5,30,3,JU258,0.146,0.438,0.450,0.083,2.436,-3.453,2.473,
342,56,5,1,4,JU258,0.479,3.281,3.231,0.740,2.957,-1.822,3.012,Yes
343,57,5,2,4,DL238,0.156,1.302,1.371,0.396,3.149,-4.229,3.03,
344,58,5,4,4,DL238,0.219,4.323,4.431,0.545,2.904,3.55,2.92,
345,59,5,5,4,MY23,0.250,1.156,1.202,0.344,3,-1.507,3.168,
346,60,5,8,4,JT11398,0.365,2.885,2.968,0.531,2.926,3.9,2.815,Yes
347,61,5,9,4,JT11398,0.250,0.802,0.854,0.250,2.574,-6.107,2.6,Yes
348,62,5,10,4,LKC34,0.167,0.938,0.965,0.272,2.511,11.827,2.543,
349,63,5,15,4,MY23,0.157,1.458,1.534,0.229,2.043,16.892,2.124,
350,64,5,16,4,CX11314,0.250,2.042,2.261,0.427,2.457,13.917,2.477,
351,65,5,18,4,JU258,0.219,2.260,2.307,0.604,2.404,12.826,2.444,Yes
352,66,5,19,4,DL238,0.375,2.866,2.861,0.615,2.883,1.916,2.863,
353,67,5,20,4,JT11398,0.208,1.510,1.620,0.396,2.83,12.869,2.914,Yes
354,68,5,21,4,MY23,0.209,1.552,1.594,0.375,2.719,-0.434,2.75,
355,69,5,22,4,CX11314,0.240,2.875,3.146,0.573,2.574,16.699,2.666,
356,70,5,24,4,LKC34,0.156,1.458,1.423,0.104,3.309,-4.499,3.255,
357,71,5,25,4,JT11398,0.312,1.729,1.744,0.376,2.702,3.871,2.836,Yes
358,72,5,27,4,LKC34,0.251,1.302,1.363,0.375,2.918,0.198,3.085,
359,73,5,30,4,JU258,0.104,0.417,0.396,0.158,2.436,-3.453,2.473,No
360,1,6,1,1,CB4856,0.272,0.793,0.755,0.152,2.5,13.62,2.539,
361,2,6,11,1,N2,0.261,0.685,0.695,0.163,2.652,11.263,2.616,
362,3,6,12,1,JU258,0.272,1.446,1.346,0.370,3.011,-12.109,3.057,
363,4,6,23,1,JU258,0.098,0.587,0.598,0.120,2.804,-4.583,2.857,
364,5,6,24,1,CB4856,0.348,1.489,1.511,0.207,2.62,3.311,2.635,
365,6,6,25,1,CB4856,0.359,1.576,1.565,0.533,3.087,11.269,3.004,
366,7,6,27,1,MY16,0.217,0.587,0.567,0.261,2.467,-12.556,2.45,
367,8,6,28,1,JU258,0.283,1.478,1.544,0.630,2.739,2.376,2.622,
368,9,6,30,1,MY23,0.283,0.750,0.712,0.130,2.576,4.803,2.596,
369,10,6,31,1,N2,0.163,0.533,0.478,0.141,3,10.993,3.078,
370,11,6,38,1,JU258,0.326,1.043,1.191,0.250,2.815,12.648,2.83,
371,12,6,40,1,CB4856,0.402,1.674,1.655,0.380,2.728,-18.222,2.781,
372,13,6,1,1.5,CB4856,0.250,1.272,1.326,0.272,2.5,13.62,2.539,
373,14,6,2,1.5,JT11398,0.630,2.283,2.359,0.467,2.87,0.224,2.783,
374,15,6,3,1.5,EG4725,0.141,0.891,0.872,0.054,3.185,-3.073,3.244,
375,16,6,4,1.5,JU258,0.239,1.022,1.036,0.239,3.054,4.014,3.105,
376,17,6,6,1.5,MY23,0.272,0.674,0.642,0.065,2.978,8.241,3.185,
377,18,6,12,1.5,JU258,0.217,1.946,1.928,0.587,3.011,-12.109,3.057,
378,19,6,13,1.5,MY16,0.402,1.424,1.406,0.207,2.946,-9.602,2.932,
379,20,6,24,1.5,CB4856,0.283,1.902,1.914,0.326,2.62,3.311,2.635,
380,21,6,25,1.5,CB4856,0.283,2.620,2.670,0.565,3.087,11.269,3.004,
381,22,6,27,1.5,MY16,0.163,1.217,1.226,0.207,2.467,-12.556,2.45,
382,23,6,28,1.5,JU258,0.293,2.891,2.890,0.620,2.739,2.376,2.622,
383,24,6,30,1.5,MY23,0.207,1.120,1.088,0.065,2.576,4.803,2.596,
384,25,6,31,1.5,N2,0.141,0.587,0.609,0.087,3,10.993,3.078,
385,26,6,38,1.5,JU258,0.130,2.261,2.434,0.467,2.815,12.648,2.83,
386,27,6,40,1.5,CB4856,0.239,1.967,1.938,0.272,2.728,-18.222,2.781,
387,28,6,1,2,CB4856,0.326,1.685,1.692,0.478,2.5,13.62,2.539,
388,29,6,2,2,JT11398,0.631,2.467,2.435,0.533,2.87,0.224,2.783,
389,30,6,3,2,EG4725,0.152,0.870,0.863,0.152,3.185,-3.073,3.244,
390,31,6,4,2,JU258,0.120,0.587,0.638,0.196,3.054,4.014,3.105,
391,32,6,6,2,MY23,0.293,0.978,0.935,0.120,2.978,8.241,3.185,
392,33,6,12,2,MY23,0.228,2.707,2.894,0.500,3.011,-12.109,3.057,
393,34,6,13,2,JU258,0.293,1.467,1.425,0.272,2.946,-9.602,2.932,
394,35,6,14,2,MY16,0.337,0.837,0.915,0.109,2.848,2.819,2.873,
395,36,6,15,2,EG4725,0.315,0.707,0.720,0.174,2.848,5.562,2.916,
396,37,6,16,2,MY23,0.315,1.565,1.383,0.207,2.967,7.379,3.047,
397,38,6,18,2,MY16,0.174,0.848,0.818,0.163,2.739,-3.142,2.776,
398,39,6,24,2,CB4856,0.370,1.783,1.757,0.391,2.62,3.311,2.635,
399,40,6,25,2,CB4856,0.315,2.620,2.715,0.500,3.087,11.269,3.004,
400,41,6,27,2,MY16,0.196,1.391,1.422,0.272,2.467,-12.556,2.45,
401,42,6,28,2,JU258,0.293,2.478,2.558,0.565,2.739,2.376,2.622,
402,43,6,30,2,MY23,0.250,0.717,0.794,0.098,2.576,4.803,2.596,
403,44,6,38,2,JU258,0.261,1.620,1.673,0.522,2.815,12.648,2.83,
404,45,6,40,2,CB4856,0.304,1.511,1.546,0.500,2.728,-18.222,2.781,
405,46,6,1,3,CB4856,0.283,2.478,2.496,0.576,2.5,13.62,2.539,
406,47,6,2,3,JT11398,0.511,2.467,2.479,0.457,2.87,0.224,2.783,
407,48,6,4,3,JU258,0.174,0.717,0.742,0.098,3.054,4.014,3.105,
408,49,6,5,3,CX11314,0.261,0.924,0.903,0.207,2.652,-7.001,2.497,
409,50,6,6,3,MY23,0.391,1.696,1.746,0.228,2.978,8.241,3.185,
410,51,6,7,3,MY16,0.217,1.130,1.132,0.109,2.478,-8.166,2.449,
411,52,6,11,3,N2,0.196,1.043,1.062,0.196,2.652,11.263,2.616,
412,53,6,12,3,MY23,0.228,2.924,3.090,0.533,3.011,-12.109,3.057,
413,54,6,13,3,JU258,0.326,1.630,1.651,0.185,2.946,-9.602,2.932,
414,55,6,14,3,MY16,0.337,1.772,1.745,0.402,2.848,2.819,2.873,
415,56,6,15,3,EG4725,0.250,1.272,1.309,0.217,2.848,5.562,2.916,
416,57,6,16,3,MY23,0.359,0.870,0.826,0.177,2.967,7.379,3.047,
417,58,6,17,3,MY23,0.228,0.804,0.769,0.065,2.728,13.671,2.897,
418,59,6,18,3,MY16,0.239,0.717,0.821,0.207,2.739,-3.142,2.776,
419,60,6,19,3,N2,0.043,0.402,0.381,0.054,3.228,9.961,3.079,
420,61,6,24,3,CB4856,0.304,2.033,2.025,0.348,2.62,3.311,2.635,
421,62,6,25,3,CB4856,0.261,2.848,2.911,0.685,3.087,11.269,3.004,
422,63,6,27,3,MY16,0.196,1.663,1.595,0.467,2.467,-12.556,2.45,
423,64,6,28,3,JU258,0.261,2.859,2.869,0.598,2.739,2.376,2.622,
424,65,6,30,3,MY23,0.257,2.141,2.144,0.511,2.576,4.803,2.596,
425,66,6,38,3,JU258,0.261,2.043,2.156,0.413,2.815,12.648,2.83,
426,67,6,40,3,CB4856,0.370,2.293,2.400,0.522,2.728,-18.222,2.781,
427,68,6,1,4,CB4856,0.359,2.707,2.807,0.761,2.5,13.62,2.539,
428,69,6,2,4,JT11398,0.588,3.098,3.213,0.565,2.87,0.224,2.783,Yes
429,70,6,5,4,CX11314,0.304,1.065,1.100,0.207,2.652,-7.001,2.497,
430,71,6,6,4,MY23,0.272,2.391,2.284,0.228,2.978,8.241,3.185,
431,72,6,7,4,MY16,0.174,1.793,1.882,0.435,2.478,-8.166,2.449,
432,73,6,11,4,N2,0.337,1.598,1.632,0.272,2.652,11.263,2.616,
433,74,6,12,4,MY23,0.239,4.098,4.027,0.500,3.011,-12.109,3.057,
434,75,6,13,4,JU258,0.467,2.815,2.840,0.587,2.946,-9.602,2.932,Yes
435,76,6,14,4,MY16,0.348,2.011,1.928,0.630,2.848,2.819,2.873,
436,77,6,15,4,EG4725,0.326,1.772,1.823,0.239,2.848,5.562,2.916,
437,78,6,16,4,MY23,0.467,1.370,1.524,0.141,2.967,7.379,3.047,
438,79,6,17,4,MY23,0.109,1.077,1.115,0.177,2.728,13.671,2.897,
439,80,6,18,4,MY16,0.304,1.663,1.710,0.087,2.739,-3.142,2.776,
440,81,6,19,4,N2,0.174,1.250,1.256,0.120,3.228,9.961,3.079,
441,82,6,24,4,CB4856,0.391,1.989,1.942,0.467,2.62,3.311,2.635,
442,83,6,25,4,CB4856,0.457,3.402,3.824,0.742,3.087,11.269,3.004,
443,84,6,26,4,CX11314,0.348,1.185,1.234,0.228,2.478,-12.422,2.527,
444,85,6,27,4,MY16,0.315,2.022,2.117,0.609,2.467,-12.556,2.45,
445,86,6,28,4,JU258,0.413,3.435,3.477,0.468,2.739,2.376,2.622,Yes
446,87,6,30,4,MY23,0.304,2.717,2.705,0.652,2.576,4.803,2.596,
447,88,6,33,4,N2,0.315,1.196,1.179,0.239,3.043,-4.798,2.989,
448,89,6,38,4,JU258,0.283,2.522,2.636,0.533,2.815,12.648,2.83,Yes
449,90,6,40,4,CB4856,0.228,2.587,2.745,0.326,2.728,-18.222,2.781,
450,1,7,1,1,DL238,0.411,0.956,0.956,0.256,3.222,-10.019,3.385,
451,2,7,1,1.5,DL238,0.478,2.822,2.824,0.678,3.222,-10.019,3.385,
452,3,7,2,1.5,EG4725,0.089,0.444,0.426,0.067,2.811,-0.457,2.789,
453,4,7,3,1.5,DL238,0.256,1.633,1.637,0.556,2.767,-10.061,2.799,
454,5,7,4,1.5,EG4725,0.367,0.633,0.604,0.133,3.144,-10.008,3.069,
455,6,7,5,1.5,DL238,0.367,2.122,2.092,0.622,3.044,-4.497,2.976,
456,7,7,6,1.5,EG4725,0.067,0.700,0.684,0.078,3.056,3.156,3.027,
457,8,7,9,1.5,EG4725,0.167,0.556,0.561,0.111,3.156,-6.212,3.286,
458,9,7,10,1.5,DL238,0.333,1.978,1.900,0.522,3.411,-2.465,3.359,
459,10,7,1,2,DL238,0.389,3.233,3.221,0.867,3.222,-10.019,3.385,
460,11,7,2,2,EG4725,0.067,0.489,0.502,0.100,2.811,-0.457,2.789,
461,12,7,3,2,DL238,0.322,1.811,1.894,0.589,2.767,-10.061,2.799,
462,13,7,4,2,EG4725,0.211,1.300,1.312,0.300,3.144,-10.008,3.069,
463,14,7,5,2,DL238,0.511,2.922,2.923,0.767,3.044,-4.497,2.976,
464,15,7,9,2,EG4725,0.267,1.700,1.729,0.378,3.156,-6.212,3.286,
465,16,7,10,2,DL238,0.411,2.656,2.577,0.522,3.411,-2.465,3.359,
466,17,7,1,3,DL238,0.367,3.489,3.525,0.733,3.222,-10.019,3.385,
467,18,7,2,3,EG4725,0.111,0.900,0.940,0.233,2.811,-0.457,2.789,
468,19,7,3,3,DL238,0.456,2.156,2.286,0.711,2.767,-10.061,2.799,
469,20,7,4,3,EG4725,0.322,1.878,1.856,0.444,3.144,-10.008,3.069,
470,21,7,5,3,DL238,0.578,2.856,2.798,0.644,3.044,-4.497,2.976,
471,22,7,9,3,EG4725,0.278,2.511,2.528,0.589,3.156,-6.212,3.286,
472,23,7,10,3,DL238,0.489,2.867,2.797,0.667,3.411,-2.465,3.359,
473,24,7,1,4,DL238,0.289,3.200,3.334,0.578,3.222,-10.019,3.385,
474,25,7,2,4,EG4725,0.100,1.167,1.210,0.122,2.811,-0.457,2.789,
475,26,7,3,4,DL238,0.589,2.544,2.615,0.700,2.767,-10.061,2.799,
476,27,7,4,4,EG4725,0.378,2.689,2.709,0.556,3.144,-10.008,3.069,
477,28,7,5,4,DL238,0.433,2.522,2.471,0.544,3.044,-4.497,2.976,
478,29,7,6,4,EG4725,0.144,0.522,0.534,0.100,3.056,3.156,3.027,
479,30,7,9,4,EG4725,0.356,2.467,2.547,0.523,3.156,-6.212,3.286,
480,31,7,10,4,DL238,0.533,2.711,2.711,0.589,3.411,-2.465,3.359,